{"cameraMode":{"drawMode":0,"name":"Shaded","section":"Shading Mode"},"sceneLighting":true,"audioPlay":false,"sceneViewState":{"showFog":true,"showMaterialUpdate":false,"showSkybox":true,"showFlares":true,"showImageEffects":true,"showParticleSystems":true},"in2DMode":false,"pivot":{"x":-0.9130072593688965,"y":-0.42394018173217776,"z":8.70720386505127},"rotation":{"x":0.18469761312007905,"y":0.0492166243493557,"z":-0.009261180646717549,"w":0.9815201759338379},"size":11.002643585205079,"orthographic":false}